ID,Quote,Author,Characters,Wikipedia,Source
Q001,Freedom lies in being bold.,Robert Frost,27,https://en.wikipedia.org/wiki/Robert_Frost,https://bernardzitzer.com/list-quotes-courage/
Q002,"With enough courage, you can do without a reputation.",Margaret Mitchell,53,https://en.wikipedia.org/wiki/Margaret_Mitchell,https://bernardzitzer.com/list-quotes-courage/
Q003,Those who fight can lose. Those who don't fight have already lost.,Bertolt Brecht,66,https://en.wikipedia.org/wiki/Bertolt_Brecht,https://bernardzitzer.com/list-quotes-courage/
Q004,"Courage is fire, and bullying is smoke.",Benjamin Disraeli,39,https://en.wikipedia.org/wiki/Benjamin_Disraeli,https://www.inc.com/geoffrey-james/77-motivational-quotes-that-will-give-you-courage.html
Q005,Courage is contagious.,Billy Graham,22,https://en.wikipedia.org/wiki/Billy_Graham,https://www.inc.com/geoffrey-james/77-motivational-quotes-that-will-give-you-courage.html
Q006,"Mistakes are always forgivable, if one has the courage to admit them.",Bruce Lee,69,https://en.wikipedia.org/wiki/Bruce_Lee,https://www.inc.com/geoffrey-james/77-motivational-quotes-that-will-give-you-courage.html
Q007,Without fear there cannot be courage.,Christopher Paolini,37,https://en.wikipedia.org/wiki/Christopher_Paolini,https://bernardzitzer.com/list-quotes-courage/
Q008,Have the courage to use your own mind.,Immanuel Kant,38,https://en.wikipedia.org/wiki/Immanuel_Kant,https://bernardzitzer.com/list-quotes-courage/
Q009,You must do the thing which you think you cannot do.,Eleanor Roosevelt,52,https://en.wikipedia.org/wiki/Eleanor_Roosevelt,https://www.goodgoodgood.co/articles/courage-quotes
Q010,Courage doesn't always roar.,Mary Anne Radmacher,28,,https://www.goodgoodgood.co/articles/courage-quotes
Q011,Courage is essential to leadership.,Andy Stanley,35,https://en.wikipedia.org/wiki/Andy_Stanley,https://wellbeing.gmu.edu/famous-quotes-on-courage-and-leadership/
Q012,Courage is grace under pressure.,Ernest Hemingway,32,https://en.wikipedia.org/wiki/Ernest_Hemingway,https://reflectivepaths.com/action-quotes/
Q013,Without courage we cannot practice any other virtue with consistency.,Maya Angelou,69,https://en.wikipedia.org/wiki/Maya_Angelou,https://conantleadership.com/38-quotes-about-bravery-and-leadership/
Q014,The courage to imagine the otherwise is our greatest resource.,Daniel J. Boorstin,62,https://en.wikipedia.org/wiki/Daniel_J._Boorstin,https://www.inc.com/geoffrey-james/77-motivational-quotes-that-will-give-you-courage.html
Q015,"All our dreams can come true, if we have the courage to pursue them.",Walt Disney,68,https://en.wikipedia.org/wiki/Walt_Disney,https://www.linkedin.com/pulse/200-motivational-quotes-give-you-courage-success-2023-sonia-mcdonald
Q016,"Don't be afraid to challenge the pros, even in their own backyard.",Colin Powell,66,https://en.wikipedia.org/wiki/Colin_Powell,https://conantleadership.com/38-quotes-about-bravery-and-leadership/
Q017,You miss 100% of the shots you don't take.,Wayne Gretzky,42,https://en.wikipedia.org/wiki/Wayne_Gretzky,https://avoidthedrift.substack.com/p/motivational-quotes-to-start-your
Q018,Inaction breeds doubt and fear. Action breeds confidence and courage.,Dale Carnegie,69,https://en.wikipedia.org/wiki/Dale_Carnegie,https://www.goodgoodgood.co/articles/courage-quotes
Q019,Forget everything except what you're going to do now and do it.,William Durant,63,https://en.wikipedia.org/wiki/William_C._Durant,https://avoidthedrift.substack.com/p/motivational-quotes-to-start-your
Q020,"Enough words have been exchanged, let me finally see some actions!",Johann Wolfgang von Goethe,66,https://en.wikipedia.org/wiki/Johann_Wolfgang_von_Goethe,https://bernardzitzer.com/list-quotes-courage/
Q021,Well done is better than well said.,Benjamin Franklin,35,https://en.wikipedia.org/wiki/Benjamin_Franklin,https://www.success.com/ready-set-go-13-quotes-to-inspire-you-to-take-action
Q022,Let your performance do the thinking.,Charlotte Bronte,37,https://en.wikipedia.org/wiki/Charlotte_Brontë,https://www.success.com/ready-set-go-13-quotes-to-inspire-you-to-take-action
Q023,The secret of getting ahead is getting started.,Mark Twain,47,https://en.wikipedia.org/wiki/Mark_Twain,https://destinationcles.com/60-best-inspirational-quotes-for-lawyers/
Q024,"The longer you wait for the future, the shorter it will be.",Loesje,59,,https://www.success.com/ready-set-go-13-quotes-to-inspire-you-to-take-action
Q025,The elevator to success is out of order.,Joe Girard,40,https://en.wikipedia.org/wiki/Joe_Girard,https://www.linkedin.com/pulse/200-motivational-quotes-give-you-courage-success-2023-sonia-mcdonald
Q026,"Veni, vidi, vici.",Julius Caesar,17,https://en.wikipedia.org/wiki/Julius_Caesar,https://avoidthedrift.substack.com/p/motivational-quotes-to-start-your
Q027,The way to get started is to quit talking and begin doing.,Walt Disney,58,https://en.wikipedia.org/wiki/Walt_Disney,https://www.indeed.com/career-advice/career-development/hard-work-quotes
Q028,Do not whine. Do not complain. Work harder.,Joan Didion,43,https://en.wikipedia.org/wiki/Joan_Didion,https://www.indeed.com/career-advice/career-development/hard-work-quotes
Q029,The future depends on what you do today.,Mahatma Gandhi,40,https://en.wikipedia.org/wiki/Mahatma_Gandhi,https://www.indeed.com/career-advice/career-development/hard-work-quotes
Q030,Sometimes you just have to go for it.,Michelle Zatlyn,37,https://en.wikipedia.org/wiki/Michelle_Zatlyn,https://www.shopify.com/blog/entrepreneur-quotes
Q031,Security is mostly a superstition. Life is either a daring adventure or nothing.,Helen Keller,80,https://en.wikipedia.org/wiki/Helen_Keller,https://reflectivepaths.com/action-quotes/
Q032,"A ship is safe in harbor, but that's not what ships are for.",John A. Shedd,60,,https://reflectivepaths.com/action-quotes/
Q033,"If you risk nothing, you risk everything.",Geena Davis,41,https://en.wikipedia.org/wiki/Geena_Davis,https://reflectivepaths.com/action-quotes/
Q034,Don't be afraid to give up the good to go for the great.,John D. Rockefeller,56,https://en.wikipedia.org/wiki/John_D._Rockefeller,https://reflectivepaths.com/action-quotes/
Q035,"The dangers of life are infinite, and among them is safety.",Johann Wolfgang von Goethe,59,https://en.wikipedia.org/wiki/Johann_Wolfgang_von_Goethe,https://reflectivepaths.com/action-quotes/
Q036,Don't compete with rivals; make them irrelevant.,W. Chan Kim,48,https://en.wikipedia.org/wiki/W._Chan_Kim,https://itdworld.com/blog/leadership/competition-quotes/
Q037,"To stay ahead, you must have your next idea waiting in the wings.",Rosabeth Moss Kanter,65,https://en.wikipedia.org/wiki/Rosabeth_Moss_Kanter,https://itdworld.com/blog/leadership/competition-quotes/
Q038,Continued innovation is the best way to beat the competition.,Thomas A. Edison,61,https://en.wikipedia.org/wiki/Thomas_Edison,https://itdworld.com/blog/leadership/competition-quotes/
Q039,Competition is the fuel that ignites innovation.,Simon Sinek,48,https://en.wikipedia.org/wiki/Simon_Sinek,https://itdworld.com/blog/leadership/competition-quotes/
Q040,"Focus on your customers, not your competitors.",Jeff Bezos,46,https://en.wikipedia.org/wiki/Jeff_Bezos,https://enterpriseleague.com/blog/business-competition-quotes/
Q041,"In business, the most successful companies don't compete, they dominate.",Peter Thiel,72,https://en.wikipedia.org/wiki/Peter_Thiel,https://enterpriseleague.com/blog/business-competition-quotes/
Q042,Competition brings out the best in products and the worst in people.,David Sarnoff,68,https://en.wikipedia.org/wiki/David_Sarnoff,https://enterpriseleague.com/blog/business-competition-quotes/
Q043,"Competitors don't put you out of business, but you obsessing over competitors does.",Alex Hormozi,83,https://en.wikipedia.org/wiki/Alex_Hormozi,https://quotlr.com/quotes-about-business-competition
Q044,"Competition is the keen cutting edge of business, always shaving away at costs.",Henry Ford,79,https://en.wikipedia.org/wiki/Henry_Ford,https://quotlr.com/quotes-about-business-competition
Q045,Make your product easier to buy than your competition.,Mark Cuban,54,https://en.wikipedia.org/wiki/Mark_Cuban,https://quotlr.com/quotes-about-business-competition
Q046,Organizational health is the single greatest competitive advantage in any business.,Patrick Lencioni,83,https://en.wikipedia.org/wiki/Patrick_Lencioni,https://quotlr.com/quotes-about-business-competition
Q047,Without the spur of competition we'd loaf out our life.,Arnold Glasow,55,,https://www.inc.com/peter-economy/20-brilliant-quotes-on-competition-from-highly-successful-business-leaders.html
Q048,Competition is always a good thing. It forces us to do our best.,Nancy Pearcey,64,https://en.wikipedia.org/wiki/Nancy_Pearcey,https://www.inc.com/peter-economy/20-brilliant-quotes-on-competition-from-highly-successful-business-leaders.html
Q049,Buy or bury the competition.,Jack Welch,28,https://en.wikipedia.org/wiki/Jack_Welch,https://www.inc.com/peter-economy/20-brilliant-quotes-on-competition-from-highly-successful-business-leaders.html
Q050,I'm not in competition with anybody but myself.,Celine Dion,47,https://en.wikipedia.org/wiki/Celine_Dion,https://quotlr.com/quotes-about-business-competition
Q051,"Compete with yourself, not with others. Keep improving.",Roy T. Bennett,55,,https://blog.innertune.com/competition-quotes/
Q052,There are only two options regarding commitment; you're either in or you're out.,Pat Riley,80,https://en.wikipedia.org/wiki/Pat_Riley,https://quotlr.com/quotes-about-business-competition
Q053,Don't be cocky. Don't be flashy. There's always someone better than you.,Tony Hsieh,72,https://en.wikipedia.org/wiki/Tony_Hsieh,https://www.americanexpress.com/en-us/business/blueprint/resource-center/start/100-quotes-from-successful-entrepreneurs/
Q054,Supreme excellence consists in breaking the enemy's resistance without fighting.,Sun Tzu,80,https://en.wikipedia.org/wiki/Sun_Tzu,https://www.brainyquote.com/topics/excellence-quotes
Q055,You have to expect things of yourself before you can do them.,Michael Jordan,61,https://en.wikipedia.org/wiki/Michael_Jordan,https://avoidthedrift.substack.com/p/motivational-quotes-to-start-your
Q056,"Talent wins games, but teamwork and intelligence win championships.",Michael Jordan,67,https://en.wikipedia.org/wiki/Michael_Jordan,https://thementalbarbell.com/motivational-quotes/
Q057,"Some people want it to happen, some wish it would happen, others make it happen.",Michael Jordan,80,https://en.wikipedia.org/wiki/Michael_Jordan,https://wisdomquotes.com/perseverance-quotes/
Q058,It's not whether you get knocked down; it's whether you get up.,Vince Lombardi,63,https://en.wikipedia.org/wiki/Vince_Lombardi,https://avoidthedrift.substack.com/p/motivational-quotes-to-start-your
Q059,Individual commitment to a group effort - that is what makes a team work.,Vince Lombardi,73,https://en.wikipedia.org/wiki/Vince_Lombardi,https://thementalbarbell.com/motivational-quotes/
Q060,"Once you learn to quit, it becomes a habit.",Vince Lombardi,43,https://en.wikipedia.org/wiki/Vince_Lombardi,https://brandongaille.com/perseverance-quotes/
Q061,"Perfection is not attainable, but if we chase perfection we can catch excellence.",Vince Lombardi,81,https://en.wikipedia.org/wiki/Vince_Lombardi,https://thestrive.co/remarkable-quotes-on-excellence/
Q062,"Everything negative - pressures, challenges - is all an opportunity for me to rise.",Kobe Bryant,83,https://en.wikipedia.org/wiki/Kobe_Bryant,https://thementalbarbell.com/motivational-quotes/
Q063,Everybody has a plan until they get punched in the face.,Mike Tyson,56,https://en.wikipedia.org/wiki/Mike_Tyson,https://gauravtiwari.substack.com/p/41-best-sports-quotes-of-all-time
Q064,Champions aren't made in gyms.,Muhammad Ali,30,https://en.wikipedia.org/wiki/Muhammad_Ali,https://condorperformance.com/best-sport-psychology-quotes/
Q065,A man who has no imagination has no wings.,Muhammad Ali,42,https://en.wikipedia.org/wiki/Muhammad_Ali,https://thementalbarbell.com/motivational-quotes/
Q066,You can't be afraid to fail. It's the only way you succeed.,LeBron James,59,https://en.wikipedia.org/wiki/LeBron_James,https://blog.innertune.com/competition-quotes/
Q067,I don't focus on what I'm up against.,Venus Williams,37,https://en.wikipedia.org/wiki/Venus_Williams,https://www.rd.com/article/sports-quotes/
Q068,"Dream as big as you can dream, and anything is possible.",Michael Phelps,56,https://en.wikipedia.org/wiki/Michael_Phelps,https://www.rd.com/article/sports-quotes/
Q069,There will be obstacles. There will be doubters. There will be mistakes.,Michael Phelps,72,https://en.wikipedia.org/wiki/Michael_Phelps,https://www.indeed.com/career-advice/career-development/hard-work-quotes
Q070,"If you fail to prepare, you prepare to fail.",Mark Spitz,44,https://en.wikipedia.org/wiki/Mark_Spitz,https://thementalbarbell.com/motivational-quotes/
Q071,When you've got something to prove there's nothing greater than a challenge.,Terry Bradshaw,76,https://en.wikipedia.org/wiki/Terry_Bradshaw,https://gauravtiwari.substack.com/p/41-best-sports-quotes-of-all-time
Q072,"In the end, it's the effort that matters. The rest is beyond your control.",Maria Sharapova,74,https://en.wikipedia.org/wiki/Maria_Sharapova,https://www.today.com/life/quotes/sports-quotes-rcna155598
Q073,Losing is a learning experience. It teaches you humility.,Yogi Berra,57,https://en.wikipedia.org/wiki/Yogi_Berra,https://www.today.com/life/quotes/sports-quotes-rcna155598
Q074,"Don't make excuses. When you have decided to do something, do it.",Eliud Kipchoge,65,https://en.wikipedia.org/wiki/Eliud_Kipchoge,https://www.today.com/life/quotes/sports-quotes-rcna155598
Q075,"When somebody tells me I cannot do something, that's when I do it.",Gertrude Ederle,66,https://en.wikipedia.org/wiki/Gertrude_Ederle,https://www.today.com/life/quotes/sports-quotes-rcna155598
Q076,You have to keep your goal in mind and never lose sight of it.,George Foreman,62,https://en.wikipedia.org/wiki/George_Foreman,https://www.today.com/life/quotes/sports-quotes-rcna155598
Q077,You don't win by being good. You win with hard work and sacrifice.,Bobby Orr,66,https://en.wikipedia.org/wiki/Bobby_Orr,https://www.today.com/life/quotes/sports-quotes-rcna155598
Q078,"However great your dedication, you never win anything on your own.",Rafael Nadal,66,https://en.wikipedia.org/wiki/Rafael_Nadal,https://www.today.com/life/quotes/sports-quotes-rcna155598
Q079,It's hard to beat someone who never gives up.,Babe Ruth,45,https://en.wikipedia.org/wiki/Babe_Ruth,https://wisdomquotes.com/perseverance-quotes/
Q080,Never let the fear of striking out get in your way.,Babe Ruth,51,https://en.wikipedia.org/wiki/Babe_Ruth,https://www.calebwojcik.com/blog/2012/01/30/quotes-overcome-fear-of-failure
Q081,Success isn't permanent and failure isn't fatal.,Mike Ditka,48,https://en.wikipedia.org/wiki/Mike_Ditka,https://brightdrops.com/failure-quotes
Q082,Winners embrace hard work.,Lou Holtz,26,https://en.wikipedia.org/wiki/Lou_Holtz,https://www.brainyquote.com/topics/hard-work-quotes
Q083,Storms make trees take deeper roots.,Dolly Parton,36,https://en.wikipedia.org/wiki/Dolly_Parton,https://www.success.com/perseverance-quotes
Q084,You have power over your mind - not outside events.,Marcus Aurelius,51,https://en.wikipedia.org/wiki/Marcus_Aurelius,https://parade.com/living/stoic-quotes
Q085,"If it's not right, don't do it. If it's not true, don't say it.",Marcus Aurelius,63,https://en.wikipedia.org/wiki/Marcus_Aurelius,https://viastoica.com/10-marcus-aurelius-quotes-on-stoic-discipline/
Q086,"Receive without pride, let go without attachment.",Marcus Aurelius,49,https://en.wikipedia.org/wiki/Marcus_Aurelius,https://fourminutebooks.com/stoic-quotes/
Q087,You have to assemble your life yourself - action by action.,Marcus Aurelius,59,https://en.wikipedia.org/wiki/Marcus_Aurelius,https://viastoica.com/10-marcus-aurelius-quotes-on-stoic-discipline/
Q088,"If it's endurable, then endure it. Stop complaining.",Marcus Aurelius,52,https://en.wikipedia.org/wiki/Marcus_Aurelius,https://wisdomquotes.com/perseverance-quotes/
Q089,Luck is what happens when preparation meets opportunity.,Seneca,56,https://en.wikipedia.org/wiki/Seneca_the_Younger,https://parade.com/living/stoic-quotes
Q090,Our plans miscarry because they have no aim.,Seneca,44,https://en.wikipedia.org/wiki/Seneca_the_Younger,https://www.stoichandbook.co/stoic-quotes-on-discipline/
Q091,The pressure of adversity does not affect the mind of the brave man.,Seneca,68,https://en.wikipedia.org/wiki/Seneca_the_Younger,https://conantleadership.com/38-quotes-about-bravery-and-leadership/
Q092,"The greater the difficulty, the more the glory in surmounting it.",Epicurus,65,https://en.wikipedia.org/wiki/Epicurus,https://www.shopify.com/blog/motivational-quotes
Q093,Discipline is the bridge between goals and accomplishment.,Jim Rohn,58,https://en.wikipedia.org/wiki/Jim_Rohn,https://parade.com/living/stoic-quotes
Q094,Strong men believe in cause and effect.,Ralph Waldo Emerson,39,https://en.wikipedia.org/wiki/Ralph_Waldo_Emerson,https://bernardzitzer.com/list-quotes-courage/
Q095,Rule your mind or it will rule you.,Horace,35,https://en.wikipedia.org/wiki/Horace,https://orionphilosophy.com/discipline-quotes/
Q096,Self-control is the chief element in self-respect.,Thucydides,50,https://en.wikipedia.org/wiki/Thucydides,https://orionphilosophy.com/discipline-quotes/
Q097,The first and best victory is to conquer self.,Plato,46,https://en.wikipedia.org/wiki/Plato,https://viralbios.com/discipline-quotes-2/
Q098,You can never conquer the mountain. You can only conquer yourself.,Jim Whittaker,66,https://en.wikipedia.org/wiki/Jim_Whittaker,https://viralbios.com/discipline-quotes-2/
Q099,He who has a why to live can bear with almost any how.,Friedrich Nietzsche,54,https://en.wikipedia.org/wiki/Friedrich_Nietzsche,https://wisdomquotes.com/perseverance-quotes/
Q100,"It's not that I'm so smart, it's just that I stay with problems longer.",Albert Einstein,71,https://en.wikipedia.org/wiki/Albert_Einstein,https://wisdomquotes.com/perseverance-quotes/
Q101,Adversity is always the partner of progress.,John C. Maxwell,44,https://en.wikipedia.org/wiki/John_C._Maxwell,https://wisdomquotes.com/perseverance-quotes/
Q102,"Impatience with actions, patience with results.",Naval Ravikant,47,https://en.wikipedia.org/wiki/Naval_Ravikant,https://wisdomquotes.com/perseverance-quotes/
Q103,"The less pain we tolerate, the more average we become.",Jack Butcher,54,,https://wisdomquotes.com/perseverance-quotes/
Q104,Perseverance is not a long race; it is many short races one after another.,Walter Elliot,74,,https://www.invajy.com/perseverance-never-give-up-quotes/
Q105,It always seems impossible until it's done.,Nelson Mandela,43,https://en.wikipedia.org/wiki/Nelson_Mandela,https://brandongaille.com/perseverance-quotes/
Q106,My strength lies solely in my tenacity.,Louis Pasteur,39,https://en.wikipedia.org/wiki/Louis_Pasteur,https://www.capcut.com/resource/perseverance-quotes
Q107,Believe you can and you're halfway there.,Theodore Roosevelt,41,https://en.wikipedia.org/wiki/Theodore_Roosevelt,https://www.capcut.com/resource/perseverance-quotes
Q108,With self-discipline most anything is possible.,Theodore Roosevelt,47,https://en.wikipedia.org/wiki/Theodore_Roosevelt,https://viralbios.com/discipline-quotes-2/
Q109,"I am a slow walker, but I never walk back.",Abraham Lincoln,42,https://en.wikipedia.org/wiki/Abraham_Lincoln,https://www.capcut.com/resource/perseverance-quotes
Q110,Energy and persistence conquer all things.,Benjamin Franklin,42,https://en.wikipedia.org/wiki/Benjamin_Franklin,https://www.capcut.com/resource/perseverance-quotes
Q111,Do not fear mistakes. You will know failure. Continue to reach out.,Benjamin Franklin,67,https://en.wikipedia.org/wiki/Benjamin_Franklin,https://blog.hubspot.com/sales/learning-from-failure-quotes
Q112,"Tough times never last, but tough people do.",Robert H. Schuller,44,https://en.wikipedia.org/wiki/Robert_H._Schuller,https://www.success.com/perseverance-quotes
Q113,The man who moves a mountain begins by carrying away small stones.,Confucius,66,https://en.wikipedia.org/wiki/Confucius,https://www.invajy.com/perseverance-never-give-up-quotes/
Q114,Character consists of what you do on the third and fourth tries.,James A. Michener,64,https://en.wikipedia.org/wiki/James_A._Michener,https://brandongaille.com/perseverance-quotes/
Q115,Giving up is the only sure way to fail.,Gena Showalter,39,https://en.wikipedia.org/wiki/Gena_Showalter,https://brandongaille.com/perseverance-quotes/
Q116,All great achievements require time.,Maya Angelou,36,https://en.wikipedia.org/wiki/Maya_Angelou,https://brandongaille.com/perseverance-quotes/
Q117,The basis of accomplishment is in never quitting.,Mengzi,49,https://en.wikipedia.org/wiki/Mencius,https://brandongaille.com/perseverance-quotes/
Q118,The best way out is always through.,Robert Frost,35,https://en.wikipedia.org/wiki/Robert_Frost,https://brandongaille.com/perseverance-quotes/
Q119,What is now proved was once only imagined.,William Blake,42,https://en.wikipedia.org/wiki/William_Blake,https://brandongaille.com/perseverance-quotes/
Q120,Burdens are for shoulders strong enough to carry them.,Margaret Mitchell,54,https://en.wikipedia.org/wiki/Margaret_Mitchell,https://brandongaille.com/perseverance-quotes/
Q121,It's always too soon to quit!,Norman Vincent Peale,29,https://en.wikipedia.org/wiki/Norman_Vincent_Peale,https://www.invajy.com/perseverance-never-give-up-quotes/
Q122,I was taught the way of progress is neither swift nor easy.,Marie Curie,59,https://en.wikipedia.org/wiki/Marie_Curie,https://www.invajy.com/perseverance-never-give-up-quotes/
Q123,For water continually dropping will wear hard rocks hollow.,Plutarch,59,https://en.wikipedia.org/wiki/Plutarch,https://brandongaille.com/perseverance-quotes/
Q124,There is no substitute for hard work.,Thomas A. Edison,37,https://en.wikipedia.org/wiki/Thomas_Edison,https://www.brainyquote.com/topics/hard-work-quotes
Q125,"I have not failed. I have just found 10,000 ways that won't work.",Thomas A. Edison,65,https://en.wikipedia.org/wiki/Thomas_Edison,https://rickconlow.com/22-powerful-quotes-entrepreneurs-leaders/
Q126,Success isn't always about greatness. It's about consistency.,Dwayne Johnson,61,https://en.wikipedia.org/wiki/Dwayne_Johnson,https://www.brainyquote.com/topics/hard-work-quotes
Q127,Plans are only good intentions unless they immediately degenerate into hard work.,Peter Drucker,81,https://en.wikipedia.org/wiki/Peter_Drucker,https://www.indeed.com/career-advice/career-development/hard-work-quotes
Q128,Entrepreneurship is neither a science nor an art. It is a practice.,Peter Drucker,67,https://en.wikipedia.org/wiki/Peter_Drucker,https://rickconlow.com/22-powerful-quotes-entrepreneurs-leaders/
Q129,Innovation is the specific instrument of entrepreneurship.,Peter Drucker,58,https://en.wikipedia.org/wiki/Peter_Drucker,https://rickconlow.com/22-powerful-quotes-entrepreneurs-leaders/
Q130,"Opportunities are usually disguised as hard work, so most people don't recognize them.",Ann Landers,86,https://en.wikipedia.org/wiki/Ann_Landers,https://www.indeed.com/career-advice/career-development/hard-work-quotes
Q131,Work harder than you think you did yesterday.,Alex Elle,45,,https://www.indeed.com/career-advice/career-development/hard-work-quotes
Q132,All growth depends upon activity.,Calvin Coolidge,33,https://en.wikipedia.org/wiki/Calvin_Coolidge,https://www.indeed.com/career-advice/career-development/hard-work-quotes
Q133,"If you work really hard, and you're kind, amazing things will happen.",Conan O'Brien,69,https://en.wikipedia.org/wiki/Conan_O'Brien,https://www.indeed.com/career-advice/career-development/hard-work-quotes
Q134,"Success is the result of perfection, hard work, learning from failure, loyalty, and persistence.",Colin Powell,96,https://en.wikipedia.org/wiki/Colin_Powell,https://www.brainyquote.com/topics/hard-work-quotes
Q135,"Small things, done consistently in strategic places, create major impact.",David Allen,73,https://en.wikipedia.org/wiki/David_Allen_(author),https://parade.com/living/discipline-quotes
Q136,Discipline is choosing between what you want now and what you want most.,Augusta F. Kantra,72,,https://www.indeed.com/career-advice/career-development/hard-work-quotes
Q137,The pain of discipline is far less than the pain of regret.,Sarah Bombell,59,,https://wizdomapp.com/discipline-quotes/
Q138,Failures are finger posts on the road to achievement.,C. S. Lewis,53,https://en.wikipedia.org/wiki/C._S._Lewis,https://liveanddare.com/fear-of-failure-quotes/
Q139,"Not failure, but low aim, is the crime.",Bruce Lee,39,https://en.wikipedia.org/wiki/Bruce_Lee,https://liveanddare.com/fear-of-failure-quotes/
Q140,Success is most often achieved by those who don't know that failure is inevitable.,Coco Chanel,82,https://en.wikipedia.org/wiki/Coco_Chanel,https://liveanddare.com/fear-of-failure-quotes/
Q141,Fear of failure is a ticket to mediocrity.,Eric Zorn,42,https://en.wikipedia.org/wiki/Eric_Zorn,https://liveanddare.com/fear-of-failure-quotes/
Q142,Only those who dare to fail greatly can ever achieve greatly.,Robert F. Kennedy,61,https://en.wikipedia.org/wiki/Robert_F._Kennedy,https://blog.hubspot.com/sales/learning-from-failure-quotes
Q143,One who fears failure limits his activities.,Henry Ford,44,https://en.wikipedia.org/wiki/Henry_Ford,https://blog.hubspot.com/sales/learning-from-failure-quotes
Q144,Those who dare to fail miserably can achieve greatly.,John F. Kennedy,53,https://en.wikipedia.org/wiki/John_F._Kennedy,https://brightdrops.com/failure-quotes
Q145,Success consists of going from failure to failure without loss of enthusiasm.,Winston Churchill,77,https://en.wikipedia.org/wiki/Winston_Churchill,https://brightdrops.com/failure-quotes
Q146,Failure is nature's plan to prepare you for great responsibilities.,Napoleon Hill,67,https://en.wikipedia.org/wiki/Napoleon_Hill,https://brightdrops.com/failure-quotes
Q147,"If you fell down yesterday, stand up today.",H. G. Wells,43,https://en.wikipedia.org/wiki/H._G._Wells,https://brightdrops.com/failure-quotes
Q148,There are many victories worse than a defeat.,George Eliot,45,https://en.wikipedia.org/wiki/George_Eliot,https://brightdrops.com/failure-quotes
Q149,An essential aspect of creativity is not being afraid to fail.,Edwin Land,62,https://en.wikipedia.org/wiki/Edwin_H._Land,https://brightdrops.com/failure-quotes
Q150,"Failure is a detour, not a dead-end street.",Zig Ziglar,43,https://en.wikipedia.org/wiki/Zig_Ziglar,https://www.calebwojcik.com/blog/2012/01/30/quotes-overcome-fear-of-failure
Q151,"For every failure, there's an alternative course of action.",Mary Kay Ash,59,https://en.wikipedia.org/wiki/Mary_Kay_Ash,https://www.calebwojcik.com/blog/2012/01/30/quotes-overcome-fear-of-failure
Q152,Develop success from failures.,Dale Carnegie,30,https://en.wikipedia.org/wiki/Dale_Carnegie,https://www.calebwojcik.com/blog/2012/01/30/quotes-overcome-fear-of-failure
Q153,The most valuable thing you can make is a mistake.,Adam Osborne,50,https://en.wikipedia.org/wiki/Adam_Osborne,https://rickconlow.com/22-powerful-quotes-entrepreneurs-leaders/
Q154,Excellence is doing ordinary things extraordinarily well.,John W. Gardner,57,https://en.wikipedia.org/wiki/John_W._Gardner,https://thestrive.co/remarkable-quotes-on-excellence/
Q155,Excellence is the best deterrent to racism or sexism.,Oprah Winfrey,53,https://en.wikipedia.org/wiki/Oprah_Winfrey,https://www.brainyquote.com/topics/excellence-quotes
Q156,True greatness consists in being great in little things.,Charles Simmons,56,,https://www.azquotes.com/quotes/topics/excellence.html
Q157,People of excellence go the extra mile to do what's right.,Joel Osteen,58,https://en.wikipedia.org/wiki/Joel_Osteen,https://www.azquotes.com/quotes/topics/excellence.html
Q158,Intelligence without ambition is a bird without wings.,Salvador Dali,54,https://en.wikipedia.org/wiki/Salvador_Dalí,https://www.blissquote.com/2020/05/ambition-quotes.html
Q159,Ambition beats genius ninety-nine percent of the time.,Jay Leno,54,https://en.wikipedia.org/wiki/Jay_Leno,https://www.blissquote.com/2020/05/ambition-quotes.html
Q160,That which is given with pride and ostentation is rather an ambition than a bounty.,Seneca,83,https://en.wikipedia.org/wiki/Seneca_the_Younger,https://www.brainyquote.com/topics/ambition-quotes
Q161,Leadership is the capacity to translate vision into reality.,Warren Bennis,60,https://en.wikipedia.org/wiki/Warren_Bennis,https://www.forbesindia.com/article/explainers/entrepreneur-quotes/85273/1
Q162,The greatest leader is not necessarily the one who does the greatest things.,Ronald Reagan,76,https://en.wikipedia.org/wiki/Ronald_Reagan,https://www.forbesindia.com/article/explainers/entrepreneur-quotes/85273/1
Q163,Leadership is the art of getting someone else to do something you want done.,Dwight D. Eisenhower,76,https://en.wikipedia.org/wiki/Dwight_D._Eisenhower,https://www.salehoo.com/learn/entrepreneur-quotes-from-business-leaders
Q164,"A boss says, Go! A leader says, Let's go!",E. M. Kelly,41,,https://www.salehoo.com/learn/entrepreneur-quotes-from-business-leaders
Q165,"Entrepreneurship is about creating change, not just companies.",Mark Zuckerberg,62,https://en.wikipedia.org/wiki/Mark_Zuckerberg,https://www.everlance.com/blog/inspirational-quotes
Q166,It is never too late to become what we might have been.,George Eliot,55,https://en.wikipedia.org/wiki/George_Eliot,https://www.success.com/ready-set-go-13-quotes-to-inspire-you-to-take-action
Q167,Be not afraid of growing slowly; be afraid only of standing still.,Chinese proverb,66,,https://www.success.com/ready-set-go-13-quotes-to-inspire-you-to-take-action
Q168,"Live out of your imagination, not your history.",Stephen Covey,47,https://en.wikipedia.org/wiki/Stephen_Covey,https://www.shopify.com/blog/motivational-quotes
Q169,"People often say that motivation doesn't last. Well, neither does bathing.",Zig Ziglar,74,https://en.wikipedia.org/wiki/Zig_Ziglar,https://www.linkedin.com/pulse/200-motivational-quotes-give-you-courage-success-2023-sonia-mcdonald
Q170,"Take the attitude of a student, never be too big to ask questions.",Og Mandino,66,https://en.wikipedia.org/wiki/Og_Mandino,https://www.linkedin.com/pulse/200-motivational-quotes-give-you-courage-success-2023-sonia-mcdonald
Q171,Success usually comes to those who are too busy to be looking for it.,Henry David Thoreau,69,https://en.wikipedia.org/wiki/Henry_David_Thoreau,https://destinationcles.com/60-best-inspirational-quotes-for-lawyers/
Q172,Motivation is like the tailwind when you ride a bike.,Hermann Lahm,53,,https://bernardzitzer.com/list-quotes-courage/
Q173,Leadership means determining the direction; motivation means accelerating the pace.,Hans-Juergen Quadbeck-Seeger,83,,https://bernardzitzer.com/list-quotes-courage/
Q174,Never hate your enemies. It affects your judgment.,Mario Puzo,50,https://en.wikipedia.org/wiki/Mario_Puzo,https://destinationcles.com/60-best-inspirational-quotes-for-lawyers/
Q175,Develop an attitude of gratitude.,Brian Tracy,33,https://en.wikipedia.org/wiki/Brian_Tracy,https://bernardzitzer.com/list-quotes-courage/
Q176,Discipline equals freedom.,Jocko Willink,26,https://en.wikipedia.org/wiki/Jocko_Willink,https://www.goodreads.com/author/quotes/10803973.Jocko_Willink
Q177,"It's not what you preach, it's what you tolerate.",Jocko Willink,49,https://en.wikipedia.org/wiki/Jocko_Willink,https://www.goodreads.com/author/quotes/10803973.Jocko_Willink
Q178,"There are no bad teams, only bad leaders.",Jocko Willink,41,https://en.wikipedia.org/wiki/Jocko_Willink,https://www.goodreads.com/author/quotes/10803973.Jocko_Willink
Q179,Leaders must own everything in their world. There is no one else to blame.,Jocko Willink,74,https://en.wikipedia.org/wiki/Jocko_Willink,https://www.goodreads.com/author/quotes/10803973.Jocko_Willink
Q180,Relax. Look around. Make a call.,Jocko Willink,32,https://en.wikipedia.org/wiki/Jocko_Willink,https://www.goodreads.com/author/quotes/10803973.Jocko_Willink
Q181,"Besides death, all failure is psychological.",Jocko Willink,44,https://en.wikipedia.org/wiki/Jocko_Willink,https://www.goodreads.com/author/quotes/10803973.Jocko_Willink
Q182,There is no growth in the comfort zone.,Jocko Willink,39,https://en.wikipedia.org/wiki/Jocko_Willink,https://www.goodreads.com/author/quotes/10803973.Jocko_Willink
Q183,"Instead of letting the situation dictate our decisions, we must dictate the situation.",Jocko Willink,86,https://en.wikipedia.org/wiki/Jocko_Willink,https://www.goodreads.com/author/quotes/10803973.Jocko_Willink
Q184,"After all, there can be no leadership where there is no team.",Jocko Willink,61,https://en.wikipedia.org/wiki/Jocko_Willink,https://www.goodreads.com/author/quotes/10803973.Jocko_Willink
Q185,Don't fight stress. Embrace it. Turn it on itself.,Jocko Willink,50,https://en.wikipedia.org/wiki/Jocko_Willink,https://www.goodreads.com/author/quotes/10803973.Jocko_Willink
Q186,There is no easy way.,Jocko Willink,21,https://en.wikipedia.org/wiki/Jocko_Willink,https://www.goodreads.com/author/quotes/10803973.Jocko_Willink
Q187,"A good leader has nothing to prove, but everything to prove.",Jocko Willink,60,https://en.wikipedia.org/wiki/Jocko_Willink,https://www.goodreads.com/author/quotes/10803973.Jocko_Willink?page=2
Q188,Good leaders are rare; bad leaders are common.,Jocko Willink,46,https://en.wikipedia.org/wiki/Jocko_Willink,https://www.goodreads.com/author/quotes/10803973.Jocko_Willink?page=2
Q189,Motivation is fickle. It comes and goes.,Jocko Willink,40,https://en.wikipedia.org/wiki/Jocko_Willink,https://www.goodreads.com/author/quotes/10803973.Jocko_Willink?page=2
Q190,Hesitation defeats us. So we must defeat it.,Jocko Willink,44,https://en.wikipedia.org/wiki/Jocko_Willink,https://www.goodreads.com/author/quotes/10803973.Jocko_Willink?page=2
Q191,Take care of your gear and your gear will take care of you.,Jocko Willink,59,https://en.wikipedia.org/wiki/Jocko_Willink,https://www.goodreads.com/author/quotes/10803973.Jocko_Willink?page=2
